,label,emotion_id,song_name,tempo,total_beats,average_beats,chroma_stft_mean,chroma_stft_var,melspectrogram_mean,melspectrogram_var,mfcc_mean,mfcc_var,mfcc_delta_mean,mfcc_delta_var,rmse_mean,rmse_var,cent_mean,cent_var,spec_bw_mean,spec_bw_var,contrast_mean,contrast_var,rolloff_mean,rolloff_var,poly_mean,poly_var,tonnetz_mean,tonnetz_var,zcr_mean,zcr_var,harm_mean,harm_var,perc_mean,perc_var,frame_mean,frame_var
24,happy,2,就这一?mp3,143.5546875,179860,1275.602837,0.334600629,0.086192046,4.975277761,783.9605249,-0.117864702,1663.86806,-0.00229285,7.47167828,0.141767845,0.002110208,2298.252103,1302568.716,2649.098001,325924.5055,24.14809828,64.27042875,5094.594194,5702786.803,1.523769221,3.173343452,-0.004096717,0.006740953,0.092886249,0.00461185,-4.74E-06,0.01261165,8.06E-06,0.005155321,2.529814059,1.869045568
6,sad,1,不美.mp3,73.828125,94230,1290.821918,0.319726699,0.092249719,12.05060002,7411.150999,3.193166685,1780.570583,0.002857446,4.985144233,0.214137688,0.006162543,1647.391372,338528.8292,1999.752199,214517.023,24.82399368,53.79239863,3502.662153,1945605.566,2.123134579,5.722713819,0.011298304,0.011769908,0.053587544,0.000726142,1.27E-05,0.046306346,0.000276707,0.001658716,4.940045351,13.64230233
9,relax,3,智慧花盛开.mp3,143.5546875,180779,1282.120567,0.272429509,0.087385517,4.704299076,1205.392196,-3.854537266,836.7930056,0.000603826,2.964406386,0.138528764,0.00279712,2666.507166,308295.1145,2486.793508,126561.9256,23.5321924,80.64721857,5657.928287,1339252.245,1.641528317,3.181116527,0.002934995,0.007779953,0.120428032,0.001604014,-4.63E-06,0.01902066,-1.41E-05,0.000830909,3.366893424,3.299374219
19,happy,2,你都忘了你有多美.mp3,129.1992188,164527,1275.403101,0.387659165,0.083703932,10.16463128,4058.030197,3.582300036,1090.36764,-0.001467841,6.445235787,0.201357052,0.003984639,2061.405388,518485.2456,2358.047811,172156.667,22.22664367,70.17355837,4562.401578,2154446.029,2.301339917,6.665104032,0.004885532,0.006379145,0.073915842,0.001879429,-1.83E-05,0.026972052,-0.000105656,0.007501247,2.398621315,1.846002949
5,sad,1,Better Me.mp3,129.1992188,165580,1293.59375,0.307151989,0.097336877,6.637737362,1777.59448,0.39048147,1803.435669,0.000836922,6.780688521,0.162853837,0.002906884,1984.428183,1025484.227,2346.574633,218176.5917,24.08919337,89.42937527,4179.020563,3178971.581,1.620524519,3.662247038,-0.002475221,0.009189669,0.07372839,0.005496334,-1.18E-06,0.019685518,4.79E-06,0.004762542,4.630058957,8.489518364
6,happy,2,坐忘茶馆.mp3,80.74951172,97430,1249.102564,0.317993382,0.093259257,9.049267462,4748.804678,3.315156345,1759.65934,0.002927767,11.61892379,0.185196787,0.005291692,1961.357336,924659.4133,2402.935397,413584.5536,23.1521172,64.13001818,4343.8654,4887504.635,1.899313688,5.392191136,-0.008571724,0.005345454,0.074684923,0.003094067,-7.51E-06,0.020878781,0.000447503,0.009315301,3.948553288,5.064360692
12,sad,1,Lucky Strike.mp3,143.5546875,158578,1192.315789,0.373634136,0.095475041,17.04379496,12284.68989,6.041116481,745.0066968,0.002750056,8.973206306,0.259839267,0.010298817,2574.116268,509353.5352,2626.857066,112909.5224,20.38013014,57.25391511,5649.132507,1656599.068,3.213151859,15.33026412,0.001207679,0.003018001,0.109251607,0.003407304,-1.66E-05,0.035312578,-0.000839371,0.021570642,2.161777778,1.609352079
24,sad,1,热气?mp3,123.046875,151762,1286.118644,0.275013317,0.091454444,5.751414722,1523.50367,-2.831808805,2222.129032,-0.004247023,8.960375452,0.14107123,0.005171652,1923.107752,600688.4268,2415.920195,297642.583,24.46090493,76.8228429,4121.404245,3514002.119,1.462985739,3.398536869,0.006013385,0.006557267,0.073194569,0.00212338,5.28E-07,0.01612463,-5.43E-06,0.00341084,2.543746032,2.321729588
26,happy,2,来来往往.mp3,99.38401442,126358,1276.343434,0.310214638,0.090813988,3.536029154,468.1531547,-2.24164592,3082.743371,-0.00368542,14.27991824,0.113514312,0.002567937,1987.189942,1393171.167,2445.626709,540579.2307,23.64480733,60.43547499,4378.773522,7136981.126,1.104694425,1.875515984,-0.005525063,0.007478999,0.073784701,0.005089109,8.79E-07,0.009900648,-1.15E-06,0.002565952,3.022077098,2.606776025
6,angry,4,State Of My Head.mp3,161.4990234,201915,1277.943038,0.413090752,0.083553323,13.97411618,5685.887225,5.945309551,652.8323221,0.001511523,3.978283858,0.24354893,0.008124285,2642.169296,341087.9022,2637.875047,174545.6091,19.8925066,71.4513607,5874.701976,1726870.732,3.516966349,16.93029624,0.010141431,0.003757546,0.122162149,0.001925399,-6.72E-06,0.032413784,9.06E-06,0.014001153,3.466739229,3.891977284
3,happy,2,Dímelo.mp3,117.4538352,142850,1264.159292,0.353410217,0.089887729,12.68160401,5876.959929,-2.013127189,705.2728796,-0.002754103,9.112828862,0.224342793,0.011746296,2913.904639,637338.5,2686.964526,99262.17825,22.02540806,53.86673082,6023.03858,1880983.136,3.1288863,16.70306037,-0.007968256,0.004702872,0.147821857,0.004647104,-3.45E-06,0.021965735,-0.00012058,0.023692761,2.813097506,2.518999752
2,happy,2,Don't Wake Me Up.mp3,129.1992188,163811,1289.850394,0.370871172,0.091574843,19.97818696,16694.40927,6.097209314,579.1639219,0.00538598,6.661174397,0.290123284,0.006730667,2977.86048,612787.1553,2998.25923,130763.8653,20.21206244,48.19795995,6802.671365,2075942.15,3.243255654,13.45816844,-0.007071658,0.005360193,0.109348167,0.003647559,1.22E-05,0.058003146,-8.40E-05,0.013252081,2.020136054,1.046360027
6,sad,1,Help The Poor (Album Version).mp3,107.6660156,137821,1288.046729,0.359546649,0.092466722,14.70488813,7768.319848,2.978100218,1245.233742,0.004054881,11.56488817,0.239613324,0.006865292,1857.10178,367851.1581,2351.513842,174353.7744,20.69311801,49.16959678,4125.220889,2361304.621,2.703039938,10.01543524,-0.008272746,0.004935453,0.063291189,0.00128772,3.63E-06,0.036805715,-1.11E-05,0.011129631,2.151328798,1.444926578
8,angry,4,Festival Song.mp3,107.6660156,135861,1281.707547,0.468716811,0.079692559,17.32502623,6266.767657,6.092740275,489.6680083,-0.0027458,8.572294314,0.279393315,0.003419355,3148.372083,682787.2642,2966.700308,97183.97161,19.46030183,46.49123577,6798.721389,1739552.196,3.620707641,16.19754151,0.017939015,0.003403094,0.137179065,0.005414688,1.04E-05,0.036787495,2.22E-05,0.01922304,2.204734694,1.226575012
1,sad,1,Smile.mp3,103.359375,119920,1289.462366,0.41408932,0.086471801,14.61750098,6548.166506,5.815929368,562.3288857,-4.74E-05,7.720562072,0.257350951,0.007220493,2900.652862,522024.7745,2561.93197,146463.016,20.32389201,51.4794563,5752.086051,1802294.157,3.63596504,17.5662751,0.00364074,0.003655368,0.154296875,0.004624081,-5.41E-06,0.036314134,-0.000226721,0.017277548,2.997696145,2.96309081
10,angry,4,Heart And Soul.mp3,89.10290948,111343,1294.686047,0.421711501,0.082078244,15.3595372,6260.833536,6.802507612,525.9443207,-0.000341203,4.49822773,0.266470909,0.003596158,2704.582754,489839.782,2517.464054,105881.0757,20.94259114,64.10509396,5487.095987,1478043,3.769076478,16.79402358,-0.005459033,0.004367741,0.127944049,0.00384056,2.82E-06,0.042464148,-9.83E-06,0.012582033,4.253895692,5.190909761
1,angry,4,Angel.mp3,151.9990809,186410,1259.527027,0.394537597,0.082551351,18.01761421,8207.685902,6.676273833,770.3617125,-0.001873616,5.077979412,0.277682126,0.004801693,2174.15962,472357.2369,2484.28268,221126.5988,20.11263427,47.46470282,4803.733452,2915422.426,3.640624023,16.06700421,0.000403665,0.005919805,0.088161976,0.001522935,6.99E-06,0.045961503,-0.000173798,0.014111509,2.102566893,1.293539466
14,relax,3,破晓.mp3,73.828125,86710,1221.267606,0.251944611,0.084668391,0.448228387,19.03355786,-10.40284973,8053.13185,0.005084866,4.561889176,0.037065968,0.000551577,1075.201561,201481.9063,1244.813157,108620.0723,26.96960149,60.92687933,2184.190959,1038782.51,0.328262712,0.198530168,-0.024436403,0.008919726,0.059191441,0.001721012,8.45E-07,0.001725103,5.35E-07,4.96E-05,4.511637188,6.630133308
17,sad,1,一开始就?mp3,123.046875,146780,1243.898305,0.278699093,0.090264141,8.327102035,3962.888468,-4.917749454,1665.490318,0.002923994,6.511370018,0.174717382,0.00580706,1990.26461,869227.9245,2379.209277,231322.5274,25.16501248,85.42748644,4136.541654,3880620.031,1.773007457,4.303570209,-0.011974076,0.007534704,0.076939066,0.004570835,-2.50E-06,0.026553016,1.12E-05,0.003296844,3.383147392,2.527347394
5,relax,3,Dew Bee Dew.mp3,123.046875,154387,1275.92562,0.208041522,0.081691308,4.518190935,686.1547487,-4.623331646,4363.137121,0.001628397,3.619546568,0.135708228,0.001276413,902.0003151,49352.3035,1151.419812,83776.70975,25.06703089,38.16578274,1412.858123,272035.7445,1.168931541,1.56429325,-0.002281722,0.008760557,0.056450339,0.000419883,3.21E-05,0.01788326,0.000130788,0.000557726,2.5089161,2.216699994
8,relax,3,心轮.mp3,73.828125,91183,1302.614286,0.266766505,0.089907493,3.127820237,697.1828479,-3.644278484,2405.003394,0.00383843,7.685536147,0.107982293,0.002477234,1923.637238,449132.5389,2154.874625,147289.8609,24.39032732,93.48628734,4092.650252,1869310.817,1.103970944,1.844575928,0.036503676,0.006370627,0.084644991,0.002976288,1.25E-06,0.011899006,-4.23E-05,0.001086615,6.015129252,8.497717735
27,sad,1,玫瑰色的?mp3,99.38401442,125087,1289.556701,0.325657087,0.087120672,5.78877162,1061.886287,0.016415089,2065.001655,-0.002186909,5.762367549,0.150953174,0.001977664,1458.305441,408084.4298,2112.881602,273845.0846,23.08729286,63.72157483,3137.489361,2561766.932,1.583933077,2.946659692,0.006220561,0.0060409,0.047198694,0.001130174,2.01E-07,0.017037442,3.46E-05,0.002001932,2.643591837,2.589684453
11,sad,1,你瞒我瞒.mp3,75.99954044,96645,1288.6,0.252620449,0.089393007,6.285820309,2260.562353,-4.648787043,2415.543968,6.40E-05,9.508038928,0.150392607,0.005224957,1766.437877,1320870.413,1917.646438,448765.1693,25.47649058,68.53595875,3371.071282,4024729.154,1.471673119,3.214676995,-0.009186913,0.009860739,0.084914075,0.008181207,1.10E-06,0.019947538,-3.72E-05,0.003249838,3.033687075,2.802601223
3,angry,4,Psycho.mp3,123.046875,160419,1293.701613,0.443930175,0.080733169,28.61167012,21077.81374,8.265350708,688.5006493,-0.001670735,4.36393844,0.354286939,0.006758883,2350.361441,386930.2068,2404.996375,180126.4236,19.75820327,59.88310824,4979.924054,1887676.961,5.048153476,29.69421945,-0.006010626,0.003912872,0.098895849,0.001593514,-5.24E-06,0.067419291,6.55E-05,0.025246264,2.4578322,1.782175095
4,relax,3,启示.mp3,143.5546875,186007,1282.806897,0.387555682,0.088617588,2.319238112,458.9974087,0.109456157,1389.745423,0.000188267,4.768990034,0.093567081,0.001822118,2203.516235,237219.9812,2286.189792,119525.3596,21.6417069,74.3262099,4578.718146,1529281.347,1.221774063,1.895175752,-0.009019298,0.005890606,0.109211169,0.001499917,-1.30E-06,0.008062734,-4.11E-05,0.001002502,2.416036281,1.66329971
5,sad,1,不怕痛.mp3,92.28515625,113182,1257.577778,0.299050166,0.088047417,9.747881514,3092.559596,2.87093871,1567.894473,8.80E-05,5.365452319,0.195134118,0.004655801,1854.51982,612850.5835,2379.936579,301627.1992,24.15379269,66.90835206,3864.626631,3737097.841,2.185874955,5.985322917,-0.000159241,0.006957064,0.074714401,0.002137401,-1.13E-06,0.027395431,-2.36E-05,0.005276214,2.945451247,3.792133122
18,angry,4,Money! Money!.mp3,95.703125,118870,1278.172043,0.420927318,0.088953579,20.1071226,25272.8882,4.792582106,1292.579453,0.000155831,20.71633237,0.270716906,0.015080642,2125.216576,1144347.333,2460.858744,373933.0044,20.70183719,57.83225274,4617.701244,5594497.825,3.028162007,14.25430371,0.002418687,0.004135582,0.079695474,0.003548716,1.76E-06,0.031368382,0.000105607,0.02862875,2.828190476,2.018455288
34,happy,2,路人?mp3,117.4538352,151254,1292.769231,0.361405516,0.097079835,4.107763456,672.3253497,-0.262024795,1854.38788,-0.001356187,18.94552811,0.125821576,0.002309869,2241.841018,944044.5204,2477.833333,338719.209,21.25758806,57.2196034,4891.070424,4169378.967,1.379336872,2.877783152,-0.007900569,0.003616379,0.08666293,0.004034625,2.23E-07,0.008856699,6.20E-06,0.005489119,2.601795918,2.569584334
5,angry,4,Sky.mp3,89.10290948,113553,1275.876404,0.411386988,0.083481932,11.08744138,3872.303023,6.075570062,708.5772113,-0.000246623,8.099387046,0.215699807,0.003304914,2535.628666,675930.3296,2719.109811,126363.0326,20.47382589,92.56831659,5717.994591,2305032.363,2.76182666,9.654549119,0.003445135,0.005035687,0.098898117,0.003319553,-2.13E-05,0.023005113,-0.000249768,0.013436317,1.695056689,0.885688471
16,relax,3,Mul Mantra.mp3,129.1992188,163756,1279.34375,0.322390859,0.088366076,7.267608124,1556.50187,2.598698395,1985.352224,0.00210365,8.262737832,0.169436753,0.003535912,1614.212736,591396.1507,2097.354316,279707.3377,22.76979869,59.74131784,3341.054797,3200828.711,1.830157823,4.717677717,0.007153156,0.007502792,0.06048943,0.001488679,-0.000547667,0.021281773,-0.001282435,0.004708252,2.520526077,2.026697792
18,sad,1,孤独?mp3,129.1992188,169004,1310.108527,0.307887027,0.089895056,8.008944342,2241.766633,-1.941186967,2232.964011,0.003035726,8.621673092,0.169914961,0.005744025,1798.671181,683381.2579,2359.024828,281020.6011,23.96862105,55.19437349,3971.046821,4145117.453,1.789274961,5.237975178,0.013342804,0.008015728,0.066068573,0.002283089,6.69E-06,0.022732738,3.67E-06,0.004678508,5.1710839,5.14181867
12,angry,4,Here's To The Heartache.mp3,112.3471467,143046,1288.702703,0.444113757,0.076898305,10.61317913,5059.038354,5.640807074,478.0059505,0.005819198,2.925211162,0.215195507,0.004702562,2745.468056,316618.1464,2467.42958,86504.64926,20.05895583,66.54760202,5466.754443,942931.2442,3.24962031,12.23538004,-0.005946325,0.003448733,0.147781986,0.002931704,3.03E-06,0.022720795,-5.84E-05,0.010945954,1.978340136,1.302065033
13,angry,4,Until The World Goes Cold.mp3,83.35433468,104235,1302.9375,0.410938525,0.085414912,6.937570247,1387.672276,5.465161634,576.9213048,0.000361776,3.704954612,0.176951662,0.001665546,2605.54595,291560.6608,2460.382395,77106.85762,20.33051848,73.60126365,5310.388722,1008228.033,2.62815712,7.976888278,-0.010511216,0.002817722,0.125265305,0.001942545,6.46E-06,0.015695976,-2.04E-05,0.00650469,2.226793651,1.9401306
21,sad,1,想你，零点零一?mp3,184.5703125,235637,1287.63388,0.296984752,0.090881093,10.80259043,4258.074831,1.51377464,1731.713783,0.003625276,6.122601024,0.20188731,0.006872594,2145.046951,954913.8585,2632.425452,413381.0225,25.97345895,82.32945285,4872.891368,6149520.813,1.972036922,5.431137918,-0.015557417,0.009645226,0.078632178,0.004161788,-1.73E-06,0.037831221,-1.87E-05,0.003450279,2.782911565,2.51247584
22,angry,4,在梅?(娃哈哈广告主题曲).mp3,95.703125,121310,1290.531915,0.40326552,0.090368809,11.86453491,8027.731706,2.471435601,852.1079592,-0.000733954,14.33263239,0.213674992,0.008915348,2840.83629,1232099.708,2704.807847,169951.6858,21.1389024,56.96597578,5917.272552,3220900.475,2.471564668,10.1419099,-0.006234821,0.00492019,0.12688113,0.009867297,7.70E-06,0.027640793,-0.000160786,0.015224577,2.53445805,1.902840511
6,relax,3,奔向你期待的森林.mp3,117.4538352,140191,1240.628319,0.233136885,0.08605728,1.263536706,92.06280059,-12.5382984,4256.671214,-0.001452137,1.378613043,0.067102827,0.00083017,1346.9003,94552.27484,1968.638269,81818.57067,21.82788556,39.66065081,2330.131743,1247676.056,0.551782423,0.371352994,0.010534024,0.008566548,0.048091357,0.000171588,0.000947061,0.005148305,0.00017866,3.33E-05,1.424544218,0.695755013
19,sad,1,在雨中不能说?mp3,129.1992188,161823,1315.634146,0.258200562,0.086964334,12.68034076,6574.402948,1.542541907,1346.959908,-0.000504991,4.581097213,0.227553517,0.004327803,1758.313884,448939.2638,1963.258713,191735.3029,26.76298389,83.8016049,3574.849217,1702415.353,2.393259866,6.503851046,-0.015223878,0.01014349,0.077072096,0.001743442,7.29E-06,0.044213712,-7.35E-05,0.003719054,4.671854875,4.16989055
30,happy,2,爱不?mp3,135.9991776,171810,1282.164179,0.311115958,0.09459842,8.04861071,2753.856029,-0.725610054,1819.685604,-0.003503294,14.19417129,0.173523545,0.004996547,2125.671653,1077281.382,2420.589305,305768.7924,22.10140346,58.12113832,4652.484367,4587977.136,1.84202908,5.14481701,-0.00691163,0.006079466,0.082003283,0.005005756,-2.34E-05,0.017971409,-5.95E-05,0.010514278,2.924553288,2.124879975
4,happy,2,I Can (Radio Edit).mp3,92.28515625,115382,1282.022222,0.41428196,0.085511607,15.39656588,9735.847756,5.744728784,635.1555312,0.000698406,4.017013483,0.250999659,0.008439674,2535.3283,402742.919,2567.633538,138391.8223,19.13001193,53.99061362,5494.087611,1600676.044,3.534117296,16.22822607,0.000931723,0.003167798,0.118226231,0.002637283,1.20E-06,0.027417788,-3.62E-05,0.018836938,2.488018141,2.134574185
10,sad,1,你就不要想起?mp3,112.3471467,133925,1240.046296,0.334094726,0.084594233,8.862415408,1900.66505,3.62365566,1079.756155,-0.000354034,5.336389762,0.19663921,0.001424304,2229.169013,658271.1774,2569.502766,232322.2442,23.12422173,60.51648611,4933.711833,3264247.258,2.165139047,5.523103197,0.020662252,0.008371725,0.085002887,0.002544081,1.58E-06,0.028288983,9.54E-06,0.004599552,3.939265306,5.121986786
29,happy,2,波子汽水.mp3,117.4538352,152105,1278.193277,0.399982075,0.085101687,18.26392506,9975.840591,7.368159869,835.8302846,8.69E-05,8.038128476,0.277899146,0.003088727,2268.189698,783043.8473,2652.80157,349074.9197,21.48998376,50.9491044,5249.768255,4592758.592,3.073932824,11.4066972,0.005842977,0.003390361,0.072242194,0.001071417,-2.03E-05,0.05118528,-0.00075076,0.011615165,3.442358277,2.834390467
27,happy,2,没有灰尘的眼?mp3,172.265625,222898,1288.427746,0.26773196,0.088697795,6.483967996,1771.351987,-1.348350148,2229.945026,0.003500562,9.289079592,0.159539238,0.00334365,1743.188432,314768.801,2098.299931,129426.2887,27.32874396,88.87733833,3829.122679,1542642.588,1.477581728,2.798387979,0.023889612,0.009155629,0.074836093,0.001190582,3.71E-06,0.024309572,4.03E-05,0.00152176,2.957061224,2.340481792
16,sad,1,备爱.mp3,117.4538352,150918,1323.842105,0.277749139,0.09049282,5.917987975,1523.94228,0.487399078,1666.235673,0.000819283,8.093902152,0.152995273,0.002673327,2045.210087,744601.2052,2444.090555,260975.4959,24.28155407,56.0786786,4378.64019,3623802.158,1.607109215,3.331173795,-0.025158641,0.008181876,0.0791677,0.003476013,2.87E-06,0.016835455,-4.14E-05,0.004016752,2.441578231,2.152798005
19,angry,4,五环之歌 (《煎饼侠》电影推广曲).mp3,172.265625,223178,1290.046243,0.389421992,0.095436768,9.631520278,6511.696936,4.047504412,1025.68727,-0.00160743,8.9281748,0.191166669,0.006524733,2400.674378,845906.5956,2556.80901,213333.8969,21.6050543,60.20032219,5145.656385,3630780.673,2.191150444,6.626877451,0.014747178,0.003601046,0.099256391,0.003416356,-4.25E-06,0.022959854,-6.82E-05,0.009441909,2.22214966,1.703555214
18,relax,3,Ong Namo Guru Dev Namo.mp3,143.5546875,177892,1270.657143,0.212441375,0.083147095,12.06107765,4771.088918,2.443854313,1865.395971,-0.000254187,4.499814536,0.21988152,0.002805692,1481.891082,227795.6791,2286.890945,188482.2564,24.7001674,59.28460203,3126.689427,2657408.97,1.929491739,4.235863899,-0.013503721,0.012395499,0.043695692,0.000267414,-6.58E-05,0.045257717,-0.000220354,0.001648046,2.912943311,2.957083149
23,happy,2,对的?mp3,95.703125,116443,1265.684783,0.419575242,0.088998988,7.356455107,2713.318601,2.303935085,984.3315281,-0.000485146,7.938222788,0.170900971,0.004130707,2520.973542,603003.8298,2570.520489,145469.6521,22.16905819,62.33101182,5278.163917,2250661.383,1.964025586,5.299796611,-0.01628401,0.006415246,0.100021882,0.003443069,-1.38E-05,0.023044242,3.14E-05,0.005007603,2.488018141,1.959776472
12,happy,2,臆想.mp3,123.046875,160973,1308.723577,0.312502289,0.092921193,14.25551187,7638.625956,4.964147627,1516.660963,0.002299078,6.615447414,0.241260111,0.004758317,1893.713373,666383.531,2316.355323,394497.7856,25.2825019,78.71356329,4154.179047,3570949.365,2.370073228,7.715616137,0.019062033,0.009414511,0.068391877,0.001734218,5.86E-07,0.04961025,0.00010219,0.005115319,5.665668934,15.8059834
22,happy,2,夹心饼干.mp3,123.046875,152808,1284.10084,0.310029663,0.084827843,16.33999633,6193.622647,3.049604007,1108.327235,0.002159941,7.569774099,0.260546416,0.003209212,1881.12911,567141.519,2320.59747,233144.8789,22.75621748,52.58925451,4071.958711,3138265.924,3.003158157,10.54157839,0.016470992,0.005544423,0.071303991,0.001765556,-1.41E-06,0.046328925,-2.42E-05,0.008838345,2.600634921,2.034975343
1,relax,3,SAHOK的树.mp3,117.4538352,151326,1282.423729,0.348228926,0.087375129,1.568716303,340.9258587,-2.754837899,2722.125571,-0.001692676,4.541619428,0.072523691,0.00194546,1971.60573,318697.1479,2280.095334,110538.6111,21.60608509,87.89536587,4055.54631,2096483.027,0.825662732,1.082451436,0.015268738,0.004179967,0.085891582,0.002110965,-6.48E-06,0.005342115,-4.99E-05,0.000537909,2.796843537,2.39672762
5,happy,2,I Want It All.mp3,117.4538352,139698,1258.540541,0.375758913,0.09029663,28.01650592,29588.10947,8.580400338,789.0170967,-0.00044403,10.83672885,0.348622859,0.007802793,2298.642492,551760.9301,2528.994627,212992.9674,21.09118353,63.38452002,4967.582462,2843495.11,4.228488022,22.78121763,0.007553156,0.002951073,0.09044711,0.001780008,-2.51E-05,0.059100341,1.32E-05,0.02828888,2.184997732,1.86766665
13,sad,1,哭笑不得.mp3,112.3471467,143822,1272.761062,0.354798622,0.092097891,20.95546234,30016.27717,4.055931103,1552.003822,0.002771715,14.09176265,0.277474403,0.013901478,1961.778536,1057388.488,2334.501047,479941.49,23.79293471,57.82224446,4266.236703,4865919.867,2.51959747,8.944477421,-0.013304417,0.00987778,0.069107859,0.004089406,7.79E-06,0.073104344,-0.000271836,0.007617474,4.322394558,5.434649319
14,happy,2,Sunshine In The Rain (《日不落》英文版).mp3,129.1992188,161899,1274.795276,0.435997524,0.075151757,21.00434586,9333.582699,9.056976459,594.5847198,-0.000168849,5.515044233,0.307315022,0.002415058,2370.292885,564095.6029,2517.540782,154256.0023,20.59532792,46.06439509,5056.848589,2394447.25,4.251486981,20.54341781,0.004521259,0.005222831,0.10135294,0.002789222,1.64E-05,0.052281693,0.000103145,0.017609358,2.122303855,1.374248616
12,angry,4,Trip Switch.mp3,89.10290948,112461,1388.407407,0.40528644,0.0872763,20.72593331,18709.79078,6.034515887,989.8446389,-0.001579439,8.38771342,0.292344451,0.010558025,2287.165437,737558.7905,2334.029577,262056.5622,20.28626732,60.44936436,4779.058602,2926514.568,3.770811447,20.20065731,-0.00761359,0.005321434,0.100888846,0.003946361,4.03E-06,0.051371481,7.25E-05,0.01939543,4.778666667,5.280734865
14,sad,1,喷嚏.mp3,123.046875,158057,1317.141667,0.305639134,0.101779262,13.78648149,9202.140915,1.01401955,2107.908862,0.004055991,7.11723796,0.224643961,0.009108948,1698.60309,833357.289,2240.596338,476182.2005,23.14402391,78.17263422,3667.044493,4777280.587,2.070976552,6.665919709,0.003953151,0.007287711,0.055822603,0.002925542,5.68E-06,0.041620731,-9.12E-05,0.006877905,2.43693424,1.812972274
19,angry,4,壁虎漫步 (《这！就是街舞》第三期背景音乐).mp3,95.703125,121529,1292.861702,0.392762526,0.09068852,26.21992548,23364.05181,4.326926386,998.8587072,-0.001386868,20.94085583,0.32740891,0.011631249,2500.431631,1304281.35,2624.170806,191774.4097,19.39549103,47.18069717,5346.284338,3768321.41,3.86142105,21.25153727,-0.000575194,0.003610182,0.108372172,0.007514252,0.000211755,0.04732354,-0.001154393,0.040077344,2.333605442,1.658232895
17,sad,1,失忆的金?mp3,107.6660156,139112,1288.074074,0.283703829,0.087020606,10.27577714,2974.676726,2.225404635,1960.084609,0.000923911,6.886842849,0.200124905,0.005316759,1808.186607,782718.0463,2195.075028,485726.2574,24.60775351,80.80110548,3884.443178,4250346.066,2.185817259,6.670105462,-0.000273783,0.007611874,0.074448907,0.002210115,2.78E-06,0.029937817,8.39E-07,0.005813447,2.529814059,2.056675438
11,relax,3,I'd Come For You (Made Famous By Nickelback).mp3,86.1328125,106144,1278.843373,0.245315074,0.088143607,1.589455708,81.33698145,-11.82353665,7646.102506,-0.001551043,14.31109517,0.078383394,0.000665956,887.8246565,245030.6627,1327.787623,399757.31,27.17134721,56.07376128,1600.690321,1875704.518,0.59432984,0.483053484,0.003958895,0.016068801,0.04686404,0.000341523,-2.89E-07,0.006494767,-8.47E-06,0.000106527,8.634340136,20.92333336
21,angry,4,明天不上?(年度盛典?.mp3,172.265625,216953,1291.386905,0.397537009,0.081912628,14.37192136,3997.042451,1.5164443,543.6926353,-0.000914016,5.34545696,0.254191965,0.006409589,2950.045723,739496.5002,2731.237391,133908.2987,18.5324574,36.87891792,6103.808924,2366971.574,3.95649474,20.76090547,0.0076889,0.003017523,0.15515817,0.005497543,-0.000200761,0.027903495,-0.001447881,0.019041875,1.742657596,0.997213671
10,sad,1,Love Me (Album Version).mp3,123.046875,154519,1266.54918,0.403366333,0.089012506,29.24460343,46523.70207,7.627267888,529.0541406,0.001439092,7.93552982,0.340044439,0.017041232,2646.024798,436040.086,2710.518425,114149.5847,20.62061341,45.52028367,5812.694018,1893727.937,3.864681833,20.64285523,0.004429973,0.001470946,0.104748233,0.0028665,1.37E-05,0.042126067,0.000766687,0.04885162,2.875791383,2.91765931
24,sad,1,我骗了自?mp3,123.046875,150189,1251.575,0.259024704,0.087410621,7.677833126,2793.30804,-6.073261563,3317.326074,0.00727231,6.659564374,0.153835237,0.009793059,1356.236439,526637.917,1639.008032,236613.4732,25.42431739,77.08138638,2609.57172,2167554.139,1.525409927,4.704770995,0.02075795,0.009092198,0.055827894,0.001673809,4.23E-05,0.028105844,-0.000209469,0.001362814,5.511256236,8.824279976
2,sad,1,Autum Leaves.mp3,83.35433468,104771,1277.695122,0.330427941,0.096563523,3.547307446,740.305364,-0.179818583,3210.508551,0.00119599,5.532065825,0.110331617,0.002827561,1421.365489,351088.5792,2111.312183,180917.8772,21.98271594,47.56726599,3094.385455,2771333.273,0.931992373,1.279780946,0.000190044,0.00773555,0.03708651,0.000513113,-4.66E-06,0.010191914,-6.74E-06,0.002235549,4.214421769,4.3755771
14,angry,4,Wash it All Away.mp3,123.046875,158291,1286.918699,0.483961552,0.07401599,23.96674102,15044.85492,8.78628959,422.7342729,0.000573758,3.043352445,0.332268178,0.00357272,2792.524078,189499.0741,2744.722222,46527.5492,18.86593702,48.35100256,6063.288336,866946.7367,4.987252111,26.74931982,0.002790652,0.002634915,0.127167976,0.001448952,-1.43E-06,0.055341221,0.00015256,0.023173278,4.140117914,4.904369834
24,angry,4,朋友十年.mp3,99.38401442,122880,1280,0.437600345,0.092735908,26.43055282,74512.56084,4.537966526,1418.650813,0.000206498,10.3103131,0.300364465,0.022391092,1797.987397,773488.6552,2363.393271,281607.9867,21.7383264,55.7830821,3920.601293,4390635.372,2.609852342,9.319491077,-0.006466481,0.007720633,0.053990225,0.002614474,2.89E-05,0.074201569,2.26E-05,0.020345025,1.529034014,0.702494591
30,sad,1,聆听?mp3,129.1992188,162984,1273.3125,0.301493588,0.090671849,9.070336077,3641.769728,0.927001752,2101.10283,-0.003066647,6.361098563,0.183869258,0.005864426,1831.701893,963680.6074,2237.834532,513866.396,24.81527089,72.41464207,3991.005034,5093106.514,1.884757838,4.996098006,0.025814216,0.009176409,0.068638852,0.0032665,2.59E-07,0.028311387,3.71E-05,0.003459853,2.722539683,2.833743468
4,happy,2,一切关于你.mp3,117.4538352,149433,1277.205128,0.351316906,0.096934706,16.92168591,9953.126498,3.719385239,1739.427328,0.00195098,20.28543183,0.255762905,0.008836758,1989.170121,1347570.362,2377.69081,443688.307,22.32270292,73.21789548,4279.82412,5928635.101,2.686827236,10.62592952,0.014605683,0.005043261,0.077407884,0.005402462,-2.98E-05,0.035924148,-0.000643687,0.018274702,2.332444444,1.994401731
3,relax,3,Aum.mp3,129.1992188,151163,1281.042373,0.279519417,0.090236511,0.705401489,98.76591454,-10.7781804,3744.017208,0.000870072,1.396169673,0.048900597,0.001448236,2857.549411,1069279.782,2450.917105,129957.8089,25.08937613,77.0599699,5416.400581,3745628.317,0.462414853,0.443835337,0.035640479,0.006597832,0.15344843,0.005807963,-2.93E-05,0.003367066,-3.96E-05,0.000127828,28.14026304,51.10244553
17,angry,4,举起你的?mp3,99.38401442,125700,1269.69697,0.464684862,0.088177066,27.28546119,67538.59518,4.568641545,634.9816168,0.002734592,11.06267667,0.318022043,0.019553693,2776.880272,751648.812,2800.425658,111965.9156,19.2558104,45.02514265,6147.379494,2037135.613,3.35526185,15.21015275,0.003455588,0.002353395,0.114084911,0.006442355,2.03E-07,0.070666,-0.00088401,0.020943563,1.887782313,1.117643202
5,angry,4,Bloodfeather.mp3,99.38401442,124636,1325.914894,0.44704302,0.078510822,16.77194649,8539.093408,7.809896032,766.6831227,-0.000644554,3.331702427,0.266559422,0.005578656,2463.383973,239634.0263,2529.903925,68477.58914,19.49069473,58.02031993,5242.943297,1118512.53,3.714877862,16.76962141,-0.008674437,0.005958348,0.100554003,0.00149742,1.96E-05,0.047489803,-0.000161864,0.009293078,7.909877551,13.88915422
6,happy,2,I'll Be Fine.mp3,117.4538352,152764,1283.731092,0.352722137,0.087386279,14.28499277,9229.691937,5.834122462,399.7267413,0.000182841,6.494441571,0.250886172,0.007232873,3472.458698,896008.0602,3012.947238,89042.99306,20.78942177,47.47145881,7194.331497,1342946.608,3.00761231,12.10584724,0.013065505,0.004887575,0.164120512,0.008201412,8.04E-06,0.033030514,-0.000176314,0.018338641,2.507755102,1.733689218
7,happy,2,如果我是说如?mp3,99.38401442,128656,1299.555556,0.285121148,0.087779755,7.905869282,2252.600709,1.072043053,1256.287995,0.00654454,8.892903622,0.182428882,0.003686884,2286.412209,533655.1588,2398.234148,157065.7569,24.99801101,79.12161213,4690.467471,2072723.447,2.018819551,5.712439564,-0.008689475,0.006724498,0.110469098,0.003888173,-1.28E-05,0.024202967,-0.00022397,0.005571435,2.497306122,1.810276442
19,sad,1,忽然之间.mp3,143.5546875,174694,1294.02963,0.287047436,0.085145283,5.877132293,1717.099971,-3.434547547,2459.174451,0.000116099,5.102670153,0.146534681,0.004294164,1579.262961,605255.4507,1826.703608,299490.9873,26.42702632,69.26398316,3254.51782,2509735.985,1.487937094,3.156756752,-0.021777633,0.010161568,0.069117307,0.002154432,4.24E-06,0.020346174,-6.67E-06,0.002000195,2.916426304,2.918474799
11,happy,2,私语.mp3,161.4990234,207193,1286.913043,0.339194025,0.087193139,8.165696047,2517.250809,1.404602787,805.9501979,0.002102567,8.467008355,0.184744895,0.003689254,2572.99104,833879.2612,2629.561245,153221.4912,21.82290383,47.78125531,5440.254604,3056788.192,2.321988952,7.17017266,0.020885224,0.003700476,0.117046722,0.004024556,-9.17E-07,0.016521012,0.000180726,0.011188966,1.967891156,1.247839731
25,sad,1,祝你幸福.mp3,143.5546875,168234,1246.177778,0.31909011,0.084369846,8.307271326,1195.034997,2.288495316,1906.149819,-0.005241077,6.375297339,0.186816707,0.003083573,1698.059693,576645.612,1957.339685,326492.4118,25.2892621,81.84170859,3442.541683,2722136.334,2.324285582,6.86484945,0.002755617,0.007912481,0.080430731,0.001939551,8.16E-07,0.025692452,9.12E-06,0.004256742,2.968671202,3.123351251
9,sad,1,Lonely.mp3,89.10290948,112604,1265.213483,0.349017493,0.098835826,11.55077985,19085.33341,-2.63526692,1044.89022,0.002312255,11.34569654,0.195495367,0.013079898,2475.679729,797165.1876,2599.396011,164058.6859,23.14112495,41.30466442,5342.030197,3084738.803,2.090807824,6.905073124,-0.000937698,0.0056607,0.1079642,0.003724586,-4.84E-08,0.016697079,2.02E-05,0.026795393,2.844444444,2.699470842
14,sad,1,One Of Us.mp3,86.1328125,110664,1301.929412,0.336616852,0.087778653,7.865639383,1383.575118,2.116359686,859.1454142,-0.001870712,6.668974116,0.184823424,0.002301801,2381.774178,419922.849,2478.55952,162529.8853,22.29549631,41.88702363,4995.519793,1829292.65,2.360367215,6.745349879,-0.006851527,0.00693025,0.100845762,0.001778343,8.37E-07,0.023987453,2.94E-05,0.005253998,4.107609977,5.157174126
16,angry,4,为当下而活.mp3,92.28515625,116478,1279.978022,0.406816617,0.091295626,17.30859847,23329.71875,3.507594822,500.6632667,-0.00642039,8.899541736,0.262856215,0.011236969,3115.417389,775879.4774,2898.088905,135984.7736,21.27291232,45.41858097,6670.484664,1970750.376,3.046707179,12.33903193,-0.000103629,0.004076489,0.143390478,0.006345334,-1.55E-06,0.034320544,-0.000376366,0.025637129,2.39629932,2.247439213
1,sad,1,At Last.mp3,172.265625,219052,1273.55814,0.314053329,0.095963765,9.070089499,6347.208168,1.304185785,1816.518756,0.001248449,4.297244944,0.187033519,0.007553575,1630.77085,299127.2121,1920.124097,101856.3496,23.95556996,71.85277807,3197.3015,1060641.016,1.99237239,5.722267196,-0.000992019,0.004947274,0.073722532,0.002248516,-1.49E-05,0.032148972,-1.75E-05,0.003732427,4.394376417,6.352342702
15,sad,1,回头?mp3,135.9991776,170771,1283.992481,0.380307732,0.087711064,16.6190494,10470.1015,4.916858314,960.0479374,-0.003716672,7.868096402,0.257886201,0.008932316,2431.296843,840295.5007,2608.864891,156594.1695,21.99909377,53.48463317,5350.755145,2646244.894,2.828859547,10.93611465,0.006608253,0.007692631,0.093262853,0.004493449,-3.93E-05,0.049126055,-0.000924338,0.011772283,2.99537415,2.789969904
1,happy,2,Do You.mp3,107.6660156,131273,1262.240385,0.341229126,0.094035473,25.71423085,44630.53572,6.456227427,703.8405814,-0.002633325,8.300543059,0.310487419,0.017892642,2419.866024,585582.1726,2726.742327,119526.6001,20.61117607,54.10583231,5724.523718,2449640.687,3.307853485,14.74481284,-0.003927861,0.005153564,0.091193893,0.003230924,5.40E-05,0.053363826,-0.000795752,0.029817536,2.604117914,1.905536343
2,relax,3,Aas Guray Nameh (Mangalacharan.mp3,83.35433468,102596,1298.683544,0.251946422,0.091100043,6.540628278,2391.842981,-0.001505918,2281.412742,0.001860476,5.386496552,0.157194182,0.003244058,1675.940612,527339.3755,2432.2481,227625.426,22.08786286,36.79941846,3673.119456,3380549.026,1.435906692,2.577252297,0.002742598,0.008455316,0.049651627,0.002059798,-8.58E-06,0.023222582,-0.000135405,0.001341951,5.312725624,3.655094573
2,angry,4,Aquasun.mp3,95.703125,114482,1244.369565,0.396225221,0.077433286,17.65400412,5717.78456,7.479798312,473.2582927,0.000787729,1.892732534,0.286513388,0.001549101,2511.509131,204867.4774,2437.603305,80996.98622,20.37193072,56.59399873,5248.180765,975342.9405,4.302995984,19.20120749,-0.010114379,0.003198015,0.117587346,0.001103518,3.16E-07,0.049734846,8.82E-05,0.011248988,1.949315193,1.130819079
28,happy,2,泡泡.mp3,92.28515625,118803,1277.451613,0.378104834,0.084604321,13.52494246,6868.624431,5.892041825,1586.242192,-0.000436433,9.585669435,0.236217886,0.004247217,1660.736684,721722.0474,2115.621031,499030.4009,21.27796014,80.2401665,3614.319811,4206346.787,2.793637419,9.146345478,0.031173839,0.004473957,0.061510399,0.001505457,-3.33E-05,0.031228334,0.000700735,0.010900107,2.165260771,1.35534949
9,sad,1,你好?mp3,63.02400915,79420,1280.967742,0.225913403,0.089523382,8.409321278,4070.044425,-1.741059891,2372.13429,-0.003813842,6.674063277,0.16999653,0.008180414,1885.264779,577332.6074,2179.323822,335032.0536,25.97582255,75.04866418,3873.547411,3023285.313,1.599838362,4.338902188,-0.023342006,0.010446253,0.080444336,0.002205503,-1.89E-05,0.028395802,-6.81E-05,0.003314685,2.816580499,2.731314003
16,relax,3,透过你温柔的气息.mp3,107.6660156,137615,1286.121495,0.223875569,0.08352708,0.245323454,4.380919005,-15.16064032,4019.64402,0.001747199,1.223106019,0.032121979,0.00022156,2100.837785,93824.59979,1985.690397,66216.45657,23.53391615,38.60195601,3705.965091,558778.3853,0.339920888,0.152754696,0.028944103,0.005619096,0.113134425,0.000969479,0.001054651,0.001181571,4.18E-05,1.91E-05,1.724081633,1.038481459
21,angry,4,周大?mp3,83.35433468,103521,1262.45122,0.395605677,0.087141124,13.60971303,5865.943751,5.267456088,881.0050673,-0.000286004,5.608837454,0.235725209,0.006345628,2569.727132,582927.6746,2736.284537,317564.4241,19.36770747,51.37903923,5778.490058,3463802.003,3.253560682,13.77057308,-0.007449049,0.002491172,0.11354731,0.002166817,9.82E-06,0.026785271,-5.56E-05,0.013365224,3.43539229,4.669367465
2,angry,4,Prayers  Triangles.mp3,95.703125,119623,1272.585106,0.44442734,0.073426679,16.0920517,7850.999191,7.402811502,744.5318248,0.001323691,3.330355488,0.265216321,0.005343755,2373.699018,491004.815,2476.338285,147882.9126,20.86166254,64.37568795,4941.282621,2151612.787,3.685121489,17.80736609,-1.28E-05,0.002647241,0.102876173,0.002468683,-1.72E-05,0.046001349,-8.56E-05,0.00911902,2.561160998,1.888327503
9,happy,2,情书.mp3,129.1992188,157553,1250.420635,0.345637613,0.096375529,12.52512415,9233.028423,3.380974024,1888.017826,-0.001181664,9.211202354,0.221686229,0.00485172,1838.61226,775826.1379,2401.487657,278239.1379,24.27182982,75.19660678,4162.849828,4579995.241,1.92726681,4.864695658,0.002338196,0.010687973,0.051985135,0.001494174,-1.55E-05,0.041504353,-7.21E-05,0.005542586,3.350639456,3.045108786
12,relax,3,Idé Weré Weré.mp3,172.265625,221651,1288.668605,0.332673111,0.097216848,3.966063085,450.5898129,3.499373181,2393.255668,0.000273663,4.830306969,0.128539562,0.000552922,2116.464483,564583.164,2839.633558,254773.6223,24.71486512,81.11232669,5649.690837,5261213.045,1.106090987,1.396745634,-0.011743349,0.014178079,0.056857366,0.000949269,9.37E-06,0.014668417,0.000134056,0.000573944,2.755047619,2.421841986
11,angry,4,Heavy Is the Head.mp3,172.265625,215230,1273.550296,0.431197921,0.078002213,20.97683994,11203.27593,6.952812431,465.458919,-0.001021835,2.523855463,0.311356664,0.003127273,2715.20573,341589.2289,2589.671706,77242.10525,19.7323882,59.32482736,5749.840232,1020022.067,4.468862098,21.57403952,0.00119987,0.003373701,0.130121851,0.002419016,-9.15E-06,0.051554084,-1.89E-05,0.018900936,2.223310658,1.702572583
26,sad,1,爱来?(《因为想念你》公益故事短片主题曲).mp3,123.046875,158521,1310.090909,0.287552316,0.091463288,3.227773205,326.5583009,-6.061084268,3045.898102,0.00603839,6.424185075,0.108339906,0.0029188,1638.139146,521017.3236,1844.767218,218207.2534,24.41311916,69.04114887,3146.489307,2096768.191,1.264011838,2.871117025,0.016476803,0.007965931,0.074982729,0.002530625,-4.50E-06,0.010198222,-7.67E-06,0.001559824,2.368435374,1.337509825
4,sad,1,You Raise Me Up.mp3,123.046875,147093,1268.043103,0.305905163,0.08130234,10.54429422,2640.044511,3.973357796,1090.19702,0.001807712,2.140720798,0.21154578,0.004085719,1852.856989,248293.5437,2032.616259,136867.944,25.9357473,115.1814607,3813.985271,1153914.955,2.799515262,9.704758186,0.00109056,0.009300333,0.094914014,0.001633526,-1.51E-06,0.037212711,-9.28E-05,0.003053185,2.786394558,1.441191504
9,angry,4,Happy Song.mp3,172.265625,220283,1295.782353,0.506007308,0.065559195,23.42099253,11849.91988,9.900186174,447.4636678,-0.001272054,1.947350221,0.33641085,0.00178121,2939.915102,310621.9311,2678.597435,61269.25511,18.34121706,63.91709162,6123.27964,814774.9794,5.380228054,30.33064737,0.018743091,0.003572891,0.147627981,0.002688638,-1.76E-05,0.051988415,-1.27E-05,0.021315303,3.221768707,4.798896776
10,happy,2,我这样一点都不潇?mp3,129.1992188,152995,1243.861789,0.329854051,0.093784541,5.724376277,1297.058472,-0.725214307,2375.819515,-0.00077904,14.50776128,0.141895905,0.005303416,1897.457225,744016.3428,2219.564498,310010.0136,22.22949629,57.56341414,4030.621461,3193480.224,1.534666126,4.420179728,0.0120428,0.007109419,0.074947015,0.003208264,-3.64E-06,0.014641068,6.81E-07,0.005324461,2.772462585,2.118567685
20,angry,4,原来 (《青春派》电影插?.mp3,161.4990234,209121,1282.95092,0.361885704,0.090187624,16.64980662,11303.65128,4.038481303,803.9266651,0.003444024,9.975376671,0.260158598,0.007663213,2543.267508,747519.4695,2596.011084,215647.4997,20.89436638,50.25528214,5409.95062,3126337.619,3.005968116,11.86683345,0.004415888,0.005789868,0.096409281,0.003570094,0.000491647,0.043822888,-0.000545485,0.016723927,2.223310658,1.216136753
13,relax,3,生命之泉.mp3,184.5703125,230438,1294.595506,0.343954166,0.093307565,5.166459488,4480.789668,-1.946889003,4824.633025,-9.71E-05,1.848423501,0.126305073,0.005853668,808.9950151,90847.04965,1176.373922,125782.2528,28.11075705,102.0052178,1318.296195,368754.1266,0.94878223,1.114065537,-0.02622205,0.011048703,0.03963487,0.000597593,-1.59E-06,0.019934598,-3.56E-05,0.000510732,2.162938776,1.633850447
10,relax,3,healing.mp3,99.38401442,125208,1391.2,0.303916665,0.084063451,9.983644105,1900.564062,-4.359561921,1895.00924,-0.003415457,1.839336006,0.201190755,0.002096155,1377.485369,253873.959,2024.849623,224542.1278,23.4481259,54.82518958,2781.904012,2598037.135,2.05113,4.592781492,-0.012915594,0.010310275,0.050408803,0.000424597,3.65E-06,0.0358904,-1.58E-05,0.000969607,3.113795918,3.437125815
20,sad,1,我不是你的那首情?mp3,135.9991776,171996,1274.044444,0.241872837,0.093373933,5.484934981,2501.875936,-4.717258407,2666.682623,0.002192754,8.741196977,0.138703108,0.00461247,1775.058948,829692.5413,2181.98774,299309.9961,24.84063267,87.45938733,3722.256659,3553430.402,1.18146931,2.031421549,-0.001582699,0.008520601,0.06780987,0.004459021,-6.93E-06,0.018133122,1.84E-05,0.002141359,3.621151927,3.621767356
8,relax,3,Har Mukanday - Liberation.mp3,107.6660156,134852,1272.188679,0.260080338,0.087949849,2.676630172,436.4213969,-5.764714219,4872.040344,-0.003873367,4.985823757,0.099949956,0.001371451,993.6379801,262682.723,1598.12374,476947.6633,25.22941149,64.66513467,1923.109205,2523140.062,0.820177348,0.891243563,-0.032312698,0.006714333,0.036221814,0.000255922,4.07E-05,0.009237513,-1.21E-05,0.000654193,3.200870748,3.647420889
2,happy,2,Come Into My Life.mp3,92.28515625,114759,1275.1,0.395893136,0.088519735,29.42288609,26062.85291,8.038991924,934.9199808,-0.000325907,7.191369167,0.350770354,0.004343803,1929.044517,690067.9809,2449.182026,226319.5613,21.38654401,42.65997046,4333.261297,3556783.191,3.647257497,16.46447627,0.019857242,0.008132503,0.059290269,0.002130647,3.46E-05,0.093907483,8.62E-05,0.012288455,1.972535147,1.238975837
15,relax,3,Jap Man Sat Nam.mp3,112.3471467,145291,1320.827273,0.30516274,0.08876178,6.54229592,1451.511662,2.144095763,3516.952588,-0.000118647,4.911315895,0.160723239,0.002158604,1015.453863,309056.157,1638.657145,209291.7732,24.04639478,51.91159405,1788.347519,1705578.964,1.458322102,2.655935917,0.05236827,0.010566834,0.03707196,0.000764362,-5.91E-05,0.023898926,-0.000425423,0.000915913,4.069297052,7.064581376
28,sad,1,累觉不爱.mp3,135.9991776,120385,1065.353982,0.259574784,0.088203248,7.534856329,3296.983021,-9.311157709,2357.261971,0.002437494,5.683304472,0.161765978,0.00772482,1796.999854,900199.3089,1872.646957,485756.3014,26.24175664,89.76666714,3499.603838,3716784.119,1.696601663,4.513503556,-0.022906175,0.009612245,0.085789164,0.003997773,-0.000258301,0.026613045,-0.000426758,0.002242811,2.167582766,1.674557503
12,happy,2,One Love.mp3,95.703125,118074,1269.612903,0.406108325,0.088377497,9.227335926,5299.276852,2.444720944,1139.476507,-0.007042614,14.68237146,0.186367497,0.006558889,2586.6007,880323.8269,2767.072453,245493.4926,20.81419506,45.98289225,5831.952235,3739027.398,2.075901461,6.757427372,-0.002084531,0.004564675,0.107077773,0.005193905,7.65E-05,0.020447345,0.001069621,0.010391355,3.067356009,3.63300493
18,happy,2,买你.mp3,135.9991776,171196,1287.18797,0.242541504,0.094148333,4.039069632,975.2480782,-7.109328169,3278.232472,0.003114776,12.81277678,0.122003503,0.003263938,1755.262943,743715.7974,2103.615831,251572.9722,25.57967572,75.31503613,3445.304167,3548920.747,0.963921994,1.374986602,-0.006527411,0.01022264,0.07669039,0.003637945,-9.99E-06,0.015375647,-2.33E-05,0.000997836,2.446222222,2.498996683
22,sad,1,我们会更好的 (《爱，相随》电视剧片头?.mp3,135.9991776,168748,1288.152672,0.321390077,0.091653047,11.38604374,5064.607759,2.964124687,1344.144037,-0.004046223,4.778192083,0.210327342,0.006738507,2001.039616,600907.4865,2230.651882,163935.6527,23.91144563,92.13561705,4005.334114,2050492.586,2.395284064,7.77014717,-0.00587919,0.009010649,0.090512113,0.003981069,5.01E-05,0.038804781,0.000749685,0.00398926,3.044136054,2.22470257
15,happy,2,Tide.mp3,135.9991776,170969,1295.219697,0.380226591,0.095901407,9.694153279,4894.488426,0.351542936,1526.618914,-0.005333672,19.16280382,0.194269881,0.005575238,2718.892168,1764031.756,2701.560775,270051.024,21.65275154,59.32662555,5623.665994,5158243.981,1.875038417,4.893152292,-0.004043904,0.005667583,0.109806592,0.010057338,-0.001196699,0.020731,-0.001079372,0.013830834,1.825088435,1.096685808
20,angry,4,?mp3,83.35433468,102826,1253.97561,0.382966837,0.091434681,15.29472094,31341.09729,3.351844926,1138.528336,0.002792805,14.03377201,0.227384582,0.01537245,2237.128012,953354.1144,2521.100243,229861.0023,21.43323127,67.55030467,4774.183631,3852164.265,2.604672626,10.44487978,-0.01294416,0.005368253,0.090183695,0.004204137,-0.002266692,0.017337425,-0.002061903,0.031453166,2.442739229,2.54117701
7,angry,4,Falling Apart.mp3,107.6660156,137382,1272.055556,0.418538759,0.085692147,24.1135871,13714.89558,7.253939685,611.8913099,-0.000300595,3.325985985,0.332017511,0.006570794,2625.345817,410390.7178,2490.945797,186012.3564,20.27205872,65.09854716,5428.563008,1948314.121,4.895448393,28.56410197,-0.000145518,0.005358012,0.125952942,0.002825845,5.22E-06,0.062722832,6.78E-05,0.020141762,2.895528345,2.896891972
5,relax,3,圣地1.mp3,107.6660156,134406,1280.057143,0.278488599,0.088174224,3.592234326,871.146475,-2.130913931,3441.326579,-0.000466839,1.902817398,0.119498596,0.001381856,1124.164724,126186.1845,1345.374826,119539.1734,26.93175731,111.6318312,1968.833928,481175.0805,1.213769135,1.649864522,-0.027413845,0.010007852,0.064319906,0.000827062,-2.85E-06,0.01378584,-7.86E-06,0.000563394,5.110712018,8.228265336
17,relax,3,Ong Namo - Divine Wisdom.mp3,129.1992188,144854,1270.649123,0.212961756,0.083963287,1.522906095,126.0785317,-11.24702171,4090.500216,0.000363707,2.15794737,0.074968532,0.001029001,1927.97729,646770.6205,2612.511862,421564.5063,28.00023492,84.85739126,4587.322261,7171026.642,0.577791332,0.416539474,-0.020751142,0.009709505,0.06375585,0.001403066,1.36E-06,0.006259336,-2.15E-06,7.20E-05,14.50318367,63.68143779
12,sad,1,后天再说我爱?mp3,129.1992188,162846,1282.251969,0.341951687,0.086690209,8.15192003,1911.162793,2.031579068,1811.866471,-0.000516325,9.021891679,0.179662406,0.004424566,1912.099887,665640.5791,2372.829674,315009.4921,24.50677769,74.14417481,4102.266861,3762414.668,1.958747887,5.514424124,0.006969116,0.008362638,0.074638249,0.002083591,-4.57E-06,0.025200831,-8.48E-05,0.004287499,2.990730159,4.342747264
4,angry,4,Better Place.mp3,95.703125,114775,1261.263736,0.407835101,0.087092854,22.18932769,13990.30775,8.471553952,473.9741113,0.000962257,3.400993905,0.316585124,0.002301258,2569.776243,407251.1199,2518.509095,91202.32726,19.7821506,53.0075566,5311.547048,1157860.072,4.259181374,19.73050787,-0.007922096,0.004393373,0.114013861,0.002258432,-3.18E-06,0.057264611,2.54E-05,0.017534148,3.262403628,3.377202873
1,happy,2,Angel in Blue Jeans.mp3,117.4538352,145391,1275.359649,0.405979785,0.080394799,19.44062243,19767.81021,6.435800197,484.4532833,-0.002406561,4.894531602,0.290941864,0.006965213,2583.289697,390517.1517,2532.63639,90218.00712,19.46619771,45.94520682,5428.64634,1580781.697,4.137336999,19.53013547,0.006210119,0.002881478,0.121496998,0.002592106,6.81E-05,0.037905034,-0.000269474,0.023351317,1.519746032,0.900055905
21,sad,1,我不难过.mp3,129.1992188,161947,1275.173228,0.305122971,0.09397167,15.86325396,9959.204633,4.179079864,1456.112476,0.002544522,5.754610988,0.251785696,0.005058788,1923.459196,664640.1953,2552.801398,318366.5964,24.36083042,55.94454126,4296.174022,4662723.07,2.26230838,6.223527091,0.008257014,0.012245167,0.055932201,0.001210888,-5.77E-05,0.057731327,4.69E-06,0.00375473,4.475646259,5.70836248
8,happy,2,总有一天你会出现在我身?mp3,73.828125,91805,1293.028169,0.283956006,0.091764817,8.198701181,4068.188505,-2.648907391,3964.850714,-0.00156322,7.287002484,0.165440083,0.007506239,1358.877741,994138.5223,1839.901972,926430.4361,26.03354813,70.04270491,3047.860737,6221349.354,1.366198962,2.948708221,-0.010493912,0.011886593,0.048128394,0.003511792,3.97E-06,0.029122502,1.37E-05,0.001890402,9.193941043,18.96676358
26,angry,4,香草吧噗.mp3,99.38401442,126050,1286.22449,0.367865991,0.080251437,14.4528723,4140.52378,5.338515981,749.0337961,-0.002394182,7.027414678,0.247094646,0.003407839,2262.82223,558509.0767,2586.073432,155593.2989,20.60178276,44.95249306,5113.269081,2412394.448,3.209515822,12.63791694,-0.002638211,0.003943238,0.093154766,0.002268678,2.53E-05,0.032159958,-4.99E-05,0.014159891,1.685768707,1.118683793
7,happy,2,Invisible (RED Edit).mp3,135.9991776,174905,1286.066176,0.397598776,0.08119116,11.19777594,2917.567796,6.092258993,809.377215,-0.001172134,4.302586656,0.220670357,0.002742161,2242.356691,618353.4697,2421.733128,178001.8512,21.08658544,54.07880794,4821.125014,2600894.185,2.939307912,10.46078227,0.0099513,0.003324148,0.096086532,0.002915972,-1.38E-06,0.029692423,-3.25E-05,0.008167617,2.435773243,1.994262896
33,happy,2,跟我在一?mp3,103.359375,130663,1281.009804,0.288515125,0.090763924,10.47264574,5332.300623,-0.213601979,2226.141826,-0.00264559,18.21931588,0.195065215,0.008414675,1893.299751,1175526.066,2074.665316,483928.8193,25.04935944,92.18358665,3747.852337,5108613.357,1.898951638,6.240422727,-0.001519464,0.007088486,0.087107939,0.004199968,1.54E-05,0.028748963,0.000176637,0.009706714,2.450866213,1.956444424
31,sad,1,透明对白.mp3,129.1992188,161975,1285.515873,0.322938631,0.088887711,9.2356638,5082.350644,3.071860224,2420.091043,1.22E-08,11.58425793,0.186881483,0.004720201,1795.584168,913275.3077,2488.160832,459638.5552,22.33506908,71.16841676,4209.437046,6009578.064,1.618957157,3.573723594,0.00337793,0.008740764,0.051560724,0.001574755,-0.000278872,0.025383167,-0.001365144,0.006813014,2.439256236,2.378342049
7,angry,4,Thank God For Girls.mp3,95.703125,120385,1294.462366,0.398570445,0.082868098,11.23489965,2616.037122,2.779069251,657.2084624,0.000152772,5.226055858,0.222318664,0.004838762,2628.288098,431823.4321,2480.919844,127840.317,20.47620009,57.64851697,5327.888616,1825950.365,3.423755469,14.99245574,-5.04E-05,0.004161188,0.13130684,0.00220798,-4.58E-06,0.027037648,-1.12E-05,0.010499721,2.806131519,3.266445985
14,relax,3,Incantation.mp3,103.359375,109220,1174.408602,0.207267837,0.09121557,2.469623089,727.411713,-9.206359278,4395.519982,-0.002657719,3.098260413,0.083601795,0.003693908,1743.378599,624007.4902,2179.824001,317820.0706,27.75508892,97.10065272,3789.939583,4295256.282,0.602203859,0.674623146,0.018523425,0.01261473,0.051406719,0.002037628,4.26E-07,0.010296522,-2.58E-06,0.000134322,7.993469388,27.48167668
20,sad,1,学到老爱?(《双世宠妃》网络剧片尾?.mp3,103.359375,130668,1293.742574,0.312678864,0.093050999,20.81810546,15462.1103,4.031282447,1200.818172,0.001711672,7.950348812,0.288985819,0.007521871,2165.428297,1107449.423,2610.325579,292143.4099,23.54543495,45.90521894,4922.020237,5104641.877,2.757159991,9.697143197,0.001113125,0.009863504,0.071488608,0.004461826,-2.55E-05,0.06736359,-0.000513129,0.008692265,2.614566893,1.910018163
12,relax,3,瑜伽放松?mp3,161.4990234,206776,1300.477987,0.257544737,0.096010962,6.267210965,3779.007155,-3.775038717,3263.449871,0.004747668,5.620521157,0.145659,0.005854077,1380.753824,811421.6844,1761.961461,266371.8893,24.18980004,56.0876317,2506.422344,2833011.816,1.231161411,2.324384572,-0.028222528,0.010109211,0.056843194,0.004793213,-9.91E-07,0.021120554,-1.24E-05,0.002138335,5.930376417,11.14426536
15,sad,1,Puzzle of My Heart.mp3,161.4990234,203142,1293.898089,0.359989127,0.08265537,7.578863758,1454.767345,3.33282058,787.1469262,-0.000766759,4.580129497,0.180181041,0.003384285,2615.158922,730057.3581,2736.778605,189126.9984,21.84601464,44.90997213,5815.569001,3080208.089,2.295639651,6.871089637,0.011786967,0.006404265,0.116502697,0.003609333,3.24E-06,0.022171242,-2.32E-05,0.005787293,3.03600907,2.887983597
4,angry,4,Saint Cecilia.mp3,151.9990809,183695,1275.659722,0.488995228,0.072084877,25.5246655,14671.49933,9.138385586,434.063988,-0.001453027,2.737093276,0.342273504,0.003124579,2874.550204,457710.0688,2726.129925,89822.43604,19.07094193,46.3016756,6062.292509,1405321.65,5.042448041,27.20567316,0.003012557,0.003762692,0.136608206,0.003780128,-1.89E-06,0.058674272,-6.45E-05,0.022922251,2.087473923,1.360311168
13,happy,2,?mp3,184.5703125,235453,1286.628415,0.436939294,0.087056339,5.244115633,1787.515882,3.655081978,1676.432509,0.001099203,12.70919624,0.140834019,0.003114288,2277.600962,921067.3194,2811.608228,199528.11,20.87095819,58.68207349,5340.071876,4641780.919,1.437258739,3.016172885,0.029345006,0.005336942,0.070184572,0.003335895,1.74E-06,0.014198701,-0.000145089,0.004162244,2.245369615,1.435104316
17,angry,4,Infinity.mp3,129.1992188,159342,1295.463415,0.456348182,0.070969811,21.43943746,6433.170741,9.094611116,695.8943015,-0.000244868,2.611756437,0.32098946,0.001813719,2345.08765,328122.5049,2305.946218,158005.8831,19.1535421,58.09480196,4814.900052,1646662.897,5.331852938,30.42776812,-0.007785775,0.003198723,0.11850533,0.001605168,1.35E-05,0.05323679,0.000472377,0.016400227,3.940426304,6.142241728
8,happy,2,My Heart Beats Like A Drum (Dam Dam Dam) (Radio Edit).mp3,129.1992188,165072,1299.779528,0.402993564,0.091516195,18.31214752,21795.43426,7.981191866,730.2391803,0.000191969,9.423777937,0.276894987,0.005303599,2687.167518,830637.6126,2850.937601,181734.1965,20.74233521,52.74403409,6083.12155,3206272.404,2.759247324,8.954136517,0.00073222,0.004686438,0.096827079,0.003891614,-3.17E-05,0.055269558,-0.000453885,0.008881788,2.286004535,1.714143092
23,angry,4,我的天空 (Unplugged) (《青春派》电影主题曲).mp3,161.4990234,204474,1310.730769,0.263007431,0.089035428,13.39809962,5547.375642,0.073862321,797.2720139,-0.000794961,5.043664185,0.236653715,0.00429923,2543.132504,537274.4148,2740.50571,133354.1099,21.92931437,44.57816878,5986.947131,2024133.821,2.675189841,8.803052651,-0.023331667,0.006012966,0.098831224,0.002461391,0.001239321,0.043210208,0.002178703,0.00624895,4.749641723,6.882213769
25,angry,4,战舞 (《大灌篮》电影插?.mp3,92.28515625,116922,1270.891304,0.464429835,0.076673179,21.0729339,14827.57414,8.649371366,442.6639743,-0.000518878,3.431096984,0.300544798,0.007189936,2638.484513,280270.8935,2661.809996,64798.34819,19.03259776,58.84231212,5706.832158,918198.5658,4.404282191,22.54826724,-0.001466356,0.002085543,0.122531005,0.002055185,-1.17E-05,0.038593825,0.000159128,0.02320626,1.401324263,0.723198577
11,angry,4,This Goes Out To You.mp3,86.1328125,107802,1330.888889,0.454230645,0.077638285,14.25134685,5772.611513,6.395865561,480.0125419,-0.003020749,3.38329093,0.258512646,0.002509982,2640.115076,278044.995,2464.899841,79924.15834,20.17526493,54.34308407,5277.430588,1105995.109,3.788757957,16.01872906,-0.007584605,0.002924725,0.129211615,0.002097045,2.15E-06,0.033610601,0.000168865,0.015232695,3.925333333,3.624678854
11,relax,3,永恒的能?mp3,92.28515625,118717,1290.402174,0.307244932,0.083494777,3.935241499,639.2973653,0.663350756,1825.543442,0.003188438,4.574789675,0.126719087,0.001935221,1841.756206,231255.0587,1978.703581,159632.4409,23.35842079,73.42083411,3650.319594,1148899.961,1.595441483,3.042277072,-0.009277439,0.005316556,0.096851833,0.00095924,-6.45E-07,0.013568453,2.38E-05,0.00137677,2.890884354,0.87498602
7,sad,1,丑八?(《如果我爱你》电视剧插曲).mp3,123.046875,159239,1305.237705,0.338133097,0.09188088,4.447091503,668.6481148,-0.446894694,2159.811264,-0.007379872,6.421111003,0.12947078,0.002800094,1865.618085,686311.1833,2322.161684,317984.3176,23.5298543,61.40356805,4042.463056,3803587.488,1.464620205,3.428847324,-0.018078502,0.007333509,0.066273031,0.002121536,6.63E-07,0.011749498,-5.69E-06,0.003066259,4.249251701,6.039632991
16,angry,4,In The Dark.mp3,107.6660156,127877,1253.696078,0.439920304,0.078262727,12.91205003,5981.73465,6.477075649,496.9949324,-0.000349879,4.502530343,0.247749925,0.004293635,2834.45788,415487.7309,2459.696896,79889.81577,19.93364088,64.26073743,5530.72489,1097419.425,3.909261474,18.51633274,-0.006577319,0.003142889,0.161350498,0.003815497,3.58E-06,0.025633929,0.000196267,0.017644962,3.105668934,2.125063291
25,sad,1,爱情悬崖.mp3,143.5546875,183172,1289.943662,0.363697595,0.081319461,12.51814154,2949.400754,3.26403069,949.2761819,0.005491939,4.859804401,0.228989169,0.003105564,1964.026807,411657.8229,2266.371947,157735.0688,21.55510642,51.79292109,4056.592137,2022196.709,3.049412416,10.80673102,-0.007940345,0.006237228,0.084171827,0.001557798,8.24E-07,0.032828156,-1.05E-05,0.009504252,3.177650794,2.678646892
2,relax,3,Savin' Me (Made Famous By Nickelback).mp3,95.703125,120327,1280.074468,0.214679273,0.086435921,0.755250004,21.77767512,-15.70495329,9830.641802,-0.000454754,13.78633492,0.053981043,0.000364801,1033.707467,482972.9527,1417.434191,730383.5154,26.92211337,70.29047343,1912.434269,3996487.669,0.369797748,0.217110256,0.00905536,0.015430668,0.05583772,0.000529878,-2.56E-07,0.003143208,-9.97E-06,4.18E-05,6.592145125,13.00802845
13,happy,2,Realest.mp3,117.4538352,152633,1282.630252,0.392503069,0.090732494,15.92351632,19813.67613,4.562163729,556.8617124,0.000222482,7.90729646,0.26667279,0.009828712,2940.389544,693623.2403,2633.60838,158998.2277,20.79718968,57.62201799,5980.663836,2345386.037,3.615662748,16.98304039,-0.008413841,0.004668889,0.151765333,0.005071231,-5.30E-05,0.029710982,-0.00117454,0.026420148,1.581278912,0.961921193
8,angry,4,Thank You.mp3,117.4538352,151417,1283.194915,0.430054935,0.083209119,26.10524628,15686.45366,10.04070367,487.5493565,-5.20E-05,2.658610674,0.346568823,0.002344394,2591.635206,285148.8576,2546.622522,66656.07563,18.13875973,54.20226916,5470.337755,840751.9584,5.223074896,29.78430192,-0.005755181,0.002426428,0.116570724,0.002010488,-4.35E-05,0.059947703,0.000131824,0.021783464,1.96092517,0.914829061
9,angry,4,The Sound Of Silence.mp3,161.4990234,210099,1281.091463,0.337831152,0.082686115,3.725020186,380.4092259,-1.501185122,2285.252433,0.000275547,4.69175067,0.119834229,0.002307929,1663.435619,535263.0652,2051.52667,218387.7431,25.32690628,78.87171489,3302.117533,2606722.594,1.440619442,3.001814894,-0.016837448,0.00905738,0.071543974,0.002174668,-4.79E-07,0.013093396,-1.35E-05,0.001020494,3.491120181,6.604963677
9,relax,3,Hari Har.mp3,161.4990234,205191,1290.509434,0.375551417,0.082501337,7.892786567,1462.795471,4.034327786,1475.907927,0.001055893,5.294270743,0.178825602,0.002736796,1764.613102,363906.3892,2396.091188,179054.1915,20.16678332,49.8881006,3763.564742,2396668.292,2.078709847,5.420475869,0.015428741,0.004577393,0.063092211,0.001136132,0.001028873,0.022696881,0.003130774,0.003736288,1.844825397,0.737982517
11,sad,1,Love The Way You Lie.mp3,86.1328125,111670,1283.563218,0.398993415,0.086100489,9.257383002,2254.938945,2.971727266,677.8839631,-0.000643863,7.982491203,0.207709506,0.004898513,2725.706664,820014.0862,2465.188002,201403.2067,20.28126437,54.43735405,5313.938701,2946275.506,3.09601192,12.91492319,-0.004334047,0.003229701,0.153550281,0.0069902,-1.30E-06,0.022185823,-4.17E-05,0.012336321,1.807673469,1.00324155
26,angry,4,颠覆.mp3,92.28515625,114052,1253.318681,0.459413818,0.08201445,19.63747172,17393.69553,4.918800754,536.7218395,-0.003341645,6.958214484,0.288476825,0.010338448,2998.899003,661999.1189,2755.035958,76620.25426,19.24843244,51.47582406,6263.728791,1419245.106,3.974733991,21.22489041,-0.010245497,0.003073632,0.142980428,0.00626949,-0.000348237,0.041429028,-0.001134759,0.027015155,1.538321995,0.825187273
14,angry,4,I Am Machine.mp3,99.38401442,121121,1261.677083,0.426634227,0.077180015,17.06932837,6576.553363,7.568044751,430.4988244,-0.000217094,3.008706484,0.285921872,0.003434197,2817.91902,294637.0324,2563.737364,74294.21222,19.12182348,49.59788943,5740.823619,923837.2695,4.459196125,22.24303731,0.004603544,0.002989271,0.148168227,0.002285103,-2.35E-05,0.041074935,-0.000257791,0.017694352,4.829750567,6.968185182
13,angry,4,HK Superstar (《速度与激?》电影插?.mp3,112.3471467,135948,1247.229358,0.451188421,0.093253708,32.37321723,65565.41526,5.621666142,676.4131376,2.79E-05,12.63387856,0.359482616,0.01333112,2404.132766,619904.5486,2561.308181,238881.2091,20.05139687,54.18125054,5168.547913,3081911.35,3.809241083,18.1691526,-0.016017695,0.007536093,0.080741953,0.003359402,-0.000118264,0.101084642,-0.000971343,0.023419537,1.89939229,0.956729022
15,angry,4,I Won't Give In.mp3,151.9990809,192266,1299.094595,0.378076337,0.083510855,24.60962484,14150.67898,9.309129989,573.2937722,-0.001055047,3.555299766,0.333430439,0.003448915,2516.483311,503467.8447,2497.184072,164282.9697,19.77139245,58.33076322,5329.042776,2206288.699,4.755902012,24.97962766,-0.004273377,0.005003557,0.11253749,0.001932425,2.28E-05,0.067300372,0.000327063,0.016172197,2.450866213,1.311978953
32,sad,1,那些你很冒险的梦.mp3,67.99958882,82623,1251.863636,0.289662186,0.095688763,14.65180969,8270.577832,0.513548991,1464.397457,0.004942945,5.661704721,0.232945681,0.010411174,1894.819767,442941.9568,2305.881382,193529.7838,23.93663146,55.53426563,3988.692548,2299362.874,2.495033165,9.093822348,-0.00805011,0.007906147,0.073690975,0.001665583,-2.53E-05,0.044590957,-0.000125702,0.007622549,5.428825397,8.536544448
25,happy,2,彩色孤儿.mp3,135.9991776,168913,1289.412214,0.324346699,0.094671116,6.665080677,3522.987236,-3.40878902,1835.530165,0.003463869,7.87355329,0.156484246,0.004968058,1778.76762,596602.6113,2046.232851,284029.7711,23.28307814,72.05192668,3492.566381,2773866.144,1.720269571,3.942873852,-0.007255398,0.005170601,0.078124622,0.002550948,-8.25E-06,0.016063621,5.43E-06,0.006496225,3.651337868,5.391979699
25,angry,4,苟延残喘.mp3,95.703125,122600,1290.526316,0.396274334,0.088548718,26.44209434,18022.37155,6.627769359,576.7491895,-0.001149641,7.42292832,0.339742571,0.006828501,2621.694091,645900.9651,2667.823555,166499.6438,19.77009673,42.60670043,5691.628084,2483225.426,4.589964775,25.49633594,-0.003791517,0.004395945,0.117523288,0.003287652,1.96E-07,0.062051807,1.63E-05,0.025441613,2.068897959,1.47704067
8,sad,1,你不必爱?(电视原声).mp3,83.35433468,104671,1276.47561,0.316745498,0.086446754,14.02484078,6290.430628,4.414258534,1475.977952,-0.004586948,6.119521573,0.230709463,0.008828332,1850.583093,534273.4536,2182.166026,254508.8506,24.21201552,81.460433,3956.734408,2500659.803,2.581557875,9.679468274,-0.008005137,0.010097047,0.072759953,0.001394348,-0.000239153,0.044420265,-0.000870983,0.005907575,5.135092971,8.474522801
22,sad,1,我怀里的天空 (《裸婚之后》电视剧插曲).mp3,107.6660156,136508,1263.962963,0.335820438,0.08572383,10.72195483,4812.545677,2.568959171,1256.784989,0.006222536,10.1590108,0.208619773,0.004142291,2350.759248,1105729.984,2596.699598,349194.4654,22.7569241,56.55837284,5241.401639,4704574.512,2.177146815,6.048395026,0.015185213,0.006271154,0.092849968,0.004234556,-1.69E-07,0.032089945,-8.08E-06,0.006323776,2.936163265,3.458507802
29,sad,1,群居动物.mp3,99.38401442,125379,1279.377551,0.33712816,0.096145766,13.05673014,9262.171175,1.802940388,2131.082511,-0.002456643,6.953803143,0.221340403,0.006709812,1494.804909,475991.8957,2033.763083,424922.0577,24.36565649,67.74711145,3371.821278,2909963.936,1.908449729,5.214029252,-0.000430692,0.011924949,0.041397331,0.001005249,-5.18E-06,0.043594789,5.09E-05,0.005263935,3.541043084,4.491012603
3,sad,1,Be With You.mp3,172.265625,222314,1285.052023,0.41637178,0.097127744,18.42096982,27622.81346,2.167243824,827.2410972,-0.000334488,13.34319914,0.248629451,0.018924387,2732.076561,805478.3728,2854.087781,117280.6985,20.75423215,39.76731066,6100.646444,2714103.175,2.445624755,10.40599213,-0.001791502,0.003148883,0.104982736,0.00629736,-4.09E-05,0.024194598,0.000235965,0.041196134,2.321995465,1.671415511
20,happy,2,可惜.mp3,112.3471467,136623,1265.027778,0.408409113,0.08881719,10.94052449,3382.449227,4.838798629,1616.923114,0.001580774,12.37001207,0.214934126,0.001782529,1913.759081,950408.9074,2334.970834,520825.5988,22.79337474,60.22754659,4360.294467,4847195.304,2.20302252,5.893185364,-0.000773676,0.011323682,0.061780617,0.002230592,7.87E-06,0.03381703,3.29E-05,0.005628966,2.687709751,2.213432647
5,happy,2,他来?mp3,151.9990809,189534,1263.56,0.30683998,0.096107658,5.107795963,1472.732391,-3.708380883,2098.073767,0.004855607,13.51090896,0.134512693,0.004935495,2219.229291,798288.0893,2574.814747,201956.7329,23.2239966,66.25569489,5026.26544,4293291.34,1.42794572,3.528734237,0.00551994,0.00547474,0.084095485,0.003890243,8.38E-08,0.012975182,-7.08E-05,0.004871814,2.731827664,2.512853256
9,happy,2,Nobody.mp3,151.9990809,193571,1273.493421,0.374378674,0.090231548,14.88877969,10126.26104,5.514254416,791.9341411,0.001146785,11.67201569,0.248456359,0.007184618,2815.742663,1231452.79,2878.325037,192606.8547,20.66048333,41.3999975,6296.591092,3488033.335,2.778483591,11.8414337,0.006240657,0.006556225,0.107908267,0.005776019,0.004592812,0.032169897,0.006822302,0.021311613,1.994594104,1.268059815
22,angry,4,暗恋?结局?mp3,80.74951172,100932,1277.620253,0.367978085,0.089710392,20.24278261,44577.65935,2.532041056,1053.127737,0.00102321,12.36626418,0.271834135,0.014697451,2250.364497,1178275.598,2554.871216,237378.7259,20.58494034,50.8035613,4829.220798,4712065.05,2.969081133,12.06898552,-0.004208065,0.00315799,0.093742064,0.006256351,0.000605654,0.035148297,-0.000521982,0.029846201,1.792580499,0.902381059
7,relax,3,守护天使.mp3,135.9991776,176158,1285.824818,0.267665215,0.083341265,1.584764195,185.4566924,-6.551966934,2314.898098,0.003223333,1.03002226,0.077396825,0.000779292,2005.168122,405027.3062,2452.593476,194697.4347,22.11250421,61.70184513,4617.963742,2751284.926,0.802415002,0.739471028,0.016805242,0.00828556,0.065167595,0.000857597,-9.88E-06,0.005815724,-6.15E-05,0.000156376,3.438875283,4.65019606
3,sad,1,Wonderful Tonight.mp3,95.703125,114967,1249.641304,0.31660336,0.087098297,3.172752115,428.7540488,-1.005842205,2389.20093,0.001520954,8.928994884,0.10986463,0.001681097,1774.120008,468417.5056,2309.770368,287698.8979,22.98073082,39.0929638,3907.980536,3430437.572,1.129937803,1.800824898,0.013574831,0.010816,0.064306112,0.00139067,-0.002997161,0.009632003,-0.001539591,0.001939721,2.103727891,1.515995435
16,happy,2,Timber.mp3,129.1992188,167754,1290.415385,0.432568892,0.086372005,20.00613689,17408.4363,6.396390365,426.0662147,-0.000214086,5.854082304,0.295789421,0.007505084,2901.141896,357014.256,2740.780724,110163.3936,20.09846999,54.54675139,6074.450769,1557278.915,3.891801705,17.81476728,0.002783413,0.004145509,0.134934369,0.003897502,8.32E-06,0.051016722,-0.000190809,0.021326931,2.546068027,2.081681971
7,relax,3,Guru Ram Das Raakho Saranaa-Ee.mp3,129.1992188,162464,1279.244094,0.286897928,0.086654951,6.545509194,1381.378343,0.195065525,4121.426799,0.000229088,5.438203096,0.159022793,0.003450359,1022.203422,360478.5289,1555.20582,231142.5296,26.06375445,69.92286989,1826.551455,1704016.946,1.459191094,2.995792046,0.027171245,0.011122679,0.044047731,0.001204649,-0.000385528,0.025199942,-0.000814384,0.000866904,5.320852608,6.544091802
15,angry,4,世界末日?mp3,103.359375,129869,1285.831683,0.434232116,0.089776525,14.78758539,7143.348782,5.285724044,702.8103646,0.00112961,10.77298058,0.248438597,0.006449169,2756.911144,1064592.03,2725.315178,162394.9404,18.84538458,51.76110906,5876.622798,2854203.43,2.990173453,12.45389471,0.001183941,0.004130641,0.12754099,0.007797849,0.000145128,0.030668058,-0.000193857,0.018922877,2.282521542,1.986294018
15,relax,3,解密.mp3,123.046875,153015,1275.125,0.33508819,0.084845687,3.093387996,228.6041688,-1.127463319,3929.74415,-0.001291016,9.737690892,0.112249099,0.000588353,1174.378415,380255.4862,1651.32292,484328.5503,21.7678997,52.1537935,2419.156205,2740678.736,1.184239412,1.718021972,0.001328383,0.008634662,0.039629201,0.000297325,2.57E-06,0.010187866,-5.21E-05,0.000946245,1.607981859,0.911238214
23,angry,4,朋友.mp3,161.4990234,208239,1293.409938,0.356750948,0.086596007,10.36119085,2260.886327,4.790982345,857.437154,-0.001228153,17.02389718,0.21766597,0.003934634,2595.733191,962642.7303,2584.283892,200491.8008,21.90503565,89.12233563,5404.642319,3087440.669,2.963001554,12.2482916,0.011006073,0.004190983,0.124275704,0.00431055,0.001284666,0.019259704,0.004334752,0.017827462,3.35876644,3.418760463
6,relax,3,Earth and Sky.mp3,112.3471467,142789,1298.081818,0.205310613,0.088351266,1.855651964,1059.957192,-19.25633792,5138.886957,0.000942516,2.212239604,0.064077713,0.004004461,1640.569094,100695.4648,2071.370362,160323.5088,24.28771253,39.1978012,3106.622881,1607019.482,0.491986763,0.621041862,0.009493228,0.013147502,0.062862054,0.000391197,-3.73E-05,0.007557624,-2.33E-05,0.000110075,4.186557823,3.745054469
1,angry,4,Next To Nothing.mp3,83.35433468,102550,1266.049383,0.439324358,0.080688589,17.01031554,9705.104165,6.514074468,584.4224933,-0.001132667,2.691161695,0.269819945,0.004856101,2465.030072,308211.5424,2549.96686,79291.87387,20.26412468,58.87959617,5379.671637,1127435.962,3.697125415,17.1339573,0.012354322,0.005357784,0.101189486,0.001810671,4.22E-06,0.044833787,-0.000192257,0.015110599,4.647473923,8.931250569
2,sad,1,We Are the World (Demo).mp3,69.83741554,86472,1290.626866,0.372558249,0.085961207,5.407237357,1564.965428,2.590985978,1717.511798,-0.001979882,9.522685801,0.143695399,0.00343457,2016.142049,893323.5952,2346.227702,327883.3773,22.9230441,63.00272247,4337.657104,4414281.531,1.631481448,3.817075003,-0.019887029,0.009174826,0.076323046,0.002940813,1.47E-05,0.014902307,-2.45E-05,0.0032802,2.678421769,2.817212629
23,sad,1,深深爱过你（今生?mp3,99.38401442,92897,1119.240964,0.326376422,0.089477347,7.052318976,1578.200703,0.98391226,1501.8854,-0.00045323,4.192998751,0.163996533,0.004181866,2106.076791,524804.8368,2448.048149,215123.2921,24.39509767,76.38875613,4765.48785,2540316.646,1.728324777,4.122978353,0.009721784,0.010529591,0.075239152,0.001759328,3.36E-06,0.024888676,-1.93E-05,0.001899226,3.428426304,6.671496798
1,relax,3,A Fine Day.mp3,89.10290948,110918,1274.91954,0.253038075,0.084049328,2.16094539,422.5996645,-5.265575486,5489.738382,-0.003000526,2.531632243,0.088140272,0.001496342,716.7881783,14109.42527,774.8007678,10842.01681,26.9724879,70.38369199,1189.813639,47389.07881,0.833977679,0.886143605,0.006661262,0.005885833,0.048578127,0.000200425,-1.54E-05,0.007994276,-3.36E-05,0.000268602,3.965968254,5.928758834
18,angry,4,反转地球.mp3,89.10290948,113991,1295.352273,0.433167114,0.086881155,15.99468206,8462.776555,4.992370746,892.4403025,-0.000732695,13.27294132,0.258158207,0.007696721,2495.588025,1099660.36,2494.492762,209992.612,19.4752161,51.51046484,5132.1273,3404367.362,3.469032921,17.25156333,9.85E-05,0.002827547,0.123978275,0.006578191,-5.23E-06,0.022574468,1.50E-05,0.028011294,2.113015873,1.577977992
13,relax,3,If Everyone Cared (Made Famous By Nickelback).mp3,78.30255682,97099,1277.618421,0.215894839,0.086262572,1.174425405,83.31920213,-13.4502579,7843.033871,0.001669439,14.64618317,0.066358499,0.000618779,1136.974154,527366.5286,1598.973403,680806.1061,28.77124085,68.79808494,2104.028944,4683996.5,0.461597649,0.286844055,-0.015228127,0.014298267,0.053261961,0.000636306,-9.90E-07,0.004844402,-1.20E-05,7.75E-05,5.752743764,10.15454341
6,angry,4,English Kids in America (Alternative Version).mp3,135.9991776,170061,1278.654135,0.346897667,0.093094898,11.63751793,5746.0601,0.516612474,2443.29013,-0.002460639,10.91288443,0.200507715,0.010220199,1929.34232,1197805.633,2438.336702,426450.3577,22.88040984,66.34401138,4375.894373,6075663.298,1.906029447,6.574606755,0.034987735,0.006855437,0.063561407,0.004137884,6.27E-05,0.032915257,0.001030457,0.007443139,5.122321995,9.1604569
8,sad,1,Lonely Avenue.mp3,71.77734375,88783,1268.328571,0.351386977,0.092638328,4.45814867,826.641179,-1.4146876,2499.24511,0.000726987,11.3157073,0.129269361,0.002949859,1521.137874,398152.5415,1881.719777,171730.8688,22.18135498,55.77667705,3133.672718,1956988.301,1.489925427,3.434182097,0.01526396,0.005535738,0.061544035,0.001608735,-1.91E-05,0.010288246,-0.000319645,0.004011019,2.865342404,2.903324226
13,sad,1,Mandy.mp3,107.6660156,129165,1254.029126,0.333900574,0.084117106,15.81995054,5144.186243,2.978038871,981.23395,0.000338046,5.376530365,0.263434052,0.003240337,2035.704736,459092.2321,2266.40587,219036.8147,23.39257366,67.43455694,4183.203871,2487345.222,3.483686814,14.14334892,-0.007956352,0.005731945,0.090952965,0.001639039,-7.42E-06,0.047260929,-5.44E-05,0.009444709,3.542204082,3.387930935
23,sad,1,我知道我会哭.mp3,89.10290948,115860,1301.797753,0.341294002,0.095086275,7.704181729,3468.584415,1.161537514,2683.832924,0.001664971,10.65633871,0.161763817,0.006773208,1794.551839,858217.6836,2467.568903,350171.14,22.06287835,55.93611772,3966.205184,6436975.293,1.442047237,3.289899186,0.003839026,0.007349773,0.058464688,0.002810646,7.97E-06,0.024149071,-4.89E-07,0.00389735,3.37385941,3.275764127
10,angry,4,The World I Used To Know.mp3,172.265625,215090,1287.964072,0.427527701,0.076051752,19.1541167,7952.168576,8.749332437,499.3635637,-0.000123109,3.305068548,0.301094532,0.003541315,2758.522915,393785.1644,2604.203796,121228.068,20.1945677,59.82986568,5778.73589,1661439.318,4.477759129,22.88890842,-0.010917722,0.004798498,0.139597417,0.002203564,-5.90E-06,0.049112875,-0.000143854,0.016592897,5.224489796,10.26944648
32,happy,2,赴约.mp3,129.1992188,162683,1291.134921,0.270811594,0.089622048,8.349864848,4897.778688,0.963462976,1905.478544,0.003338367,6.23722108,0.17221348,0.006070099,1680.418623,364547.4002,2190.783366,186107.6861,23.59760656,55.57628565,3434.016735,2213883,1.668852882,4.069704636,-0.015018607,0.005745158,0.059437282,0.000958948,-2.18E-05,0.019778352,0.000162447,0.009764161,2.230276644,1.369993247
3,relax,3,Yoga Healing.mp3,161.4990234,204736,1295.797468,0.161543149,0.086233866,1.238421348,261.8168371,-19.40028338,8269.694363,-0.000921599,0.789235007,0.058167979,0.001831803,1697.635244,1025884.417,2155.202105,359233.9188,25.2327019,109.9042799,3401.575264,6677680.681,0.255512011,0.125551687,-0.030882226,0.017850895,0.050190929,0.002296134,-3.43E-05,0.005198731,-2.40E-05,2.00E-06,25.30626757,76.24918169
10,relax,3,森林之馈?mp3,161.4990234,199594,1271.299363,0.294636088,0.08756606,0.639171237,54.87763985,-9.717197894,6780.780387,0.000916663,2.824957354,0.044543829,0.00073611,1038.672935,179351.6624,1355.127179,166673.8816,24.14527203,66.00231655,1923.630035,740934.397,0.384533229,0.231017162,-0.01306588,0.009181345,0.045524101,0.001258263,7.41E-08,0.002475164,-4.38E-06,6.76E-05,1.720598639,1.161412722
18,sad,1,写给年少回不去的?mp3,161.4990234,198616,1281.393548,0.328674978,0.094871377,10.94431349,4421.677492,2.052587054,1363.067,-0.00087858,10.27579366,0.207765162,0.005302744,2444.586368,1374870.07,2706.393503,247756.3625,21.76491659,47.30257645,5411.292279,4846579.635,2.029093204,5.986159881,0.000253127,0.007356675,0.089889668,0.007727141,-1.01E-05,0.031843707,-0.000233029,0.007747212,2.290648526,1.357365972
4,relax,3,Ching.mp3,117.4538352,142596,1501.010526,0.246958877,0.083427671,5.090153252,1640.838175,1.736984271,3297.781067,0.000992197,1.863666359,0.140839905,0.002084057,1231.676574,289026.3744,1759.201744,322828.2992,27.58960031,82.03822016,2481.472495,2123753.366,1.253155411,1.875772175,0.019374035,0.014747203,0.048795056,0.000664691,-2.78E-06,0.020221092,-1.58E-05,0.000229754,25.9599093,69.86117853
17,happy,2,乐团.mp3,95.703125,121013,1287.37234,0.406979056,0.087214128,10.18366802,4137.124628,2.733610734,920.0041011,-0.000429554,9.083720153,0.208983377,0.004806559,2552.596379,663654.8731,2458.004296,309678.2724,22.00000168,89.57344406,5350.013483,2833280.878,2.682558867,10.06316889,-0.006267127,0.004361684,0.112878002,0.003700288,2.72E-06,0.023660157,0.000144175,0.013661693,2.924553288,2.680059507
24,angry,4,战争.mp3,89.10290948,114092,1281.932584,0.451355618,0.089377171,14.01446866,21164.2892,4.229680673,827.5428911,-0.00033264,12.28907424,0.23273994,0.010551956,2991.520091,1469171.552,2731.183229,162855.8005,21.57370295,57.59901236,6058.759197,3137771.282,2.422853993,8.593240086,-0.018068055,0.008334432,0.126420437,0.009162875,-3.52E-06,0.034734238,-0.000198701,0.014459569,2.548390023,2.745320196
7,sad,1,Innocence.mp3,135.9991776,171085,1276.753731,0.357118152,0.082865455,18.35279915,7566.35974,5.664338681,571.2736169,0.003493327,5.060902435,0.29056111,0.003914472,2701.40055,890538.802,2655.1598,201667.5301,21.80468882,46.92714821,5574.812123,2725030.581,3.795762373,17.2449657,-0.001302109,0.006761774,0.1337148,0.005818726,4.28E-06,0.053668853,0.000230778,0.0144805,2.883918367,2.092752403
16,sad,1,She's Gone (奥斯卡电影获奖金?插曲).mp3,135.9991776,171236,1337.78125,0.340310232,0.087039489,2.167759074,166.4070594,-3.363201574,2409.160763,0.002696747,4.552604506,0.089199789,0.00226573,2146.298502,437541.0978,2153.068785,196186.5277,22.77604283,74.65339767,4365.215271,1836783.987,1.194566783,2.425259143,0.012803467,0.005793891,0.101385252,0.001849262,-0.000125758,0.006483225,-0.000347026,0.001236252,6.385487528,7.570380016
3,happy,2,Halcyon.mp3,117.4538352,153611,1301.788136,0.338111809,0.08579576,9.97968718,4692.440822,0.916834003,990.549124,0.001600887,4.245733306,0.190568119,0.010076923,2308.969817,353310.4935,2246.852864,146451.1765,23.12852606,124.8090706,4601.526342,1370514.331,2.641690413,10.9075668,0.003487137,0.004863058,0.117207719,0.002172238,-1.51E-06,0.024298239,-3.45E-05,0.008528374,2.602956916,2.742625712
4,sad,1,Because Of You.mp3,69.83741554,86910,1259.565217,0.332358245,0.088395793,14.96228936,7339.69302,4.975329809,723.4488553,-0.000394482,5.182397558,0.251600713,0.004935852,2368.71652,426257.5759,2669.353045,149126.3723,21.89017099,40.26215954,5202.306042,2509825.107,3.043523349,12.17111474,0.018644222,0.00864561,0.093180653,0.001695381,0.001130775,0.040106021,0.002664119,0.013118494,4.144761905,5.491112162
10,happy,2,Nothing On You.mp3,103.359375,134148,1289.884615,0.368427053,0.088904005,17.66013695,12018.73824,5.489984502,766.091748,-0.000531923,7.602027831,0.272975326,0.006304278,2338.628088,376809.3478,2520.66235,116559.5686,19.16439821,50.27572508,5027.102935,1662976.609,3.696312989,16.60041851,-0.00223382,0.002838276,0.102338194,0.002229168,-1.96E-05,0.033891365,-0.000293537,0.022960819,2.490340136,1.546591774
21,happy,2,命中 (Always there for you).mp3,99.38401442,124958,1275.081633,0.326883831,0.091809919,7.833370227,1819.79129,-2.026385741,1491.000119,-0.005121905,14.67372211,0.178380489,0.003622188,3181.242333,1334768.586,3214.201415,267072.3087,22.48092733,60.95824201,7419.817633,4359423.54,1.802538212,4.747981717,-0.0024666,0.005176584,0.125666474,0.008524003,-5.02E-05,0.017974997,-0.00078142,0.009104276,1.862240363,1.096696592
31,happy,2,琥珀.mp3,92.28515625,114671,1451.531646,0.292702397,0.090940441,4.11849641,663.9958864,0.17319875,2387.441647,0.001278174,8.947932036,0.127860382,0.002216261,1995.461528,1139566.987,2323.097005,314856.6057,25.84565739,88.14250727,4229.15776,4791255.514,1.205539512,1.985219817,-0.027547596,0.009417614,0.082609667,0.006611955,-2.87E-06,0.015123312,-3.65E-06,0.001431106,4.220226757,7.262185823
3,angry,4,Backroads.mp3,107.6660156,136717,1277.728972,0.44777281,0.082686881,20.18250734,11841.74308,8.404829443,351.6984092,-0.000493505,1.702947088,0.307183623,0.003004096,2768.99652,128282.4927,2585.128118,35642.68116,21.01666782,61.25405665,5750.961058,628236.7438,4.198210257,20.04876017,0.000856444,0.003152168,0.120890048,0.00073139,-1.02E-05,0.064465158,-0.000280532,0.012240307,2.013170068,1.348298543
17,relax,3,避风?mp3,117.4538352,146956,1266.862069,0.238878311,0.089148365,1.509731563,133.6494845,-4.654175406,3672.823596,-8.29E-05,1.173993823,0.073939942,0.000911789,1343.298225,153999.0782,1914.721703,115387.9608,19.69674731,37.05889091,2663.579727,1299047.596,0.682264966,0.56880156,-0.042096687,0.009350562,0.045698325,0.000313348,4.78E-05,0.005755772,0.000369234,0.000136898,1.419900227,0.874219056
11,happy,2,Once.mp3,123.046875,122820,1147.850467,0.429812522,0.084993653,21.00367642,11939.24062,8.393390705,514.2465262,-1.52E-05,6.132838053,0.309650004,0.005331581,2804.494616,715307.5505,2705.351227,154174.0182,19.86617389,52.10122418,5844.672991,2615713.054,4.14594219,21.27197123,0.002878865,0.002200576,0.128816492,0.004267377,4.18E-06,0.051174525,-0.000155838,0.020345241,3.543365079,4.589189394
